{"eval_exact_match": 78.35383159886472, "eval_f1": 86.29618527207273}